customer_id,country,industry,customer_age,revenue,margin,number_of_orders,avg_order_value,payment_delay,overdue_amount,complaints,product_category,default_flag,customer_tenure_months,credit_limit,exposure_amount
CUST001,Germany,Retail,7,1403403.58,0.1057,16,87712.72,8.0,67850.41,0,Packaging,False,89,1022033.28,459292.96
CUST002,Italy,FMCG,6,1106038.51,0.2007,23,48088.63,6.8,16989.79,2,Components,False,71,681873.44,293612.29
CUST003,Germany,Retail,11,492336.32,0.242,16,30771.02,16.0,6788.5,0,Chemicals,False,86,251080.7,337644.39
CUST004,Germany,FMCG,9,537093.67,0.2001,24,22378.9,22.0,2391.12,0,Software,False,41,285974.89,149275.1
CUST005,Austria,Automotive,6,706451.33,0.1707,12,58870.94,0.0,18605.29,1,Software,False,41,431053.89,486847.67
CUST006,Italy,Automotive,12,806499.07,0.0996,22,36659.05,12.1,42219.62,2,Components,False,22,633884.34,294031.39
CUST007,Germany,Automotive,4,568265.2,0.2045,17,33427.36,8.0,30592.07,3,Chemicals,False,28,484019.93,314768.57
CUST008,France,FMCG,4,968297.1,0.177,16,60518.57,14.7,2376.32,2,Chemicals,False,35,724975.2,415071.32
CUST009,Netherlands,Automotive,5,1210252.34,0.1553,16,75640.77,9.3,58366.82,0,Packaging,False,85,663588.08,534735.68
CUST010,Germany,Pharma,10,377333.19,0.1565,24,15722.22,22.8,12961.77,0,Software,False,12,193443.79,191637.85
CUST011,Netherlands,Pharma,6,1126903.29,0.1859,22,51222.88,14.6,32806.87,1,Machinery,False,24,948576.48,807053.55
CUST012,Germany,FMCG,5,923899.33,0.1748,19,48626.28,21.8,31026.08,4,Software,True,91,818051.14,543050.66
CUST013,Austria,Automotive,9,1005633.84,0.1661,29,34677.03,13.6,25410.64,1,Packaging,False,45,847123.66,505084.13
CUST014,Austria,Logistics,9,646136.24,0.2093,11,58739.66,8.3,32383.52,1,Software,False,47,384270.34,444369.97
CUST015,Italy,Retail,2,920793.73,0.1818,24,38366.41,8.8,21540.88,0,Chemicals,True,18,427801.09,630640.55
CUST016,Germany,FMCG,6,627118.37,0.1723,19,33006.23,0.0,30756.5,0,Machinery,False,63,455151.75,313216.26
CUST017,France,Pharma,5,1077295.49,0.1835,23,46838.93,22.5,44582.32,2,Machinery,False,85,673498.32,475456.97
CUST018,Germany,FMCG,8,1066235.57,0.1351,18,59235.31,13.8,64113.63,0,Software,False,18,890145.35,632625.67
CUST019,France,Pharma,1,1422005.65,0.1667,19,74842.4,14.5,67042.75,1,Chemicals,False,53,1275808.95,985100.72
CUST020,Austria,Retail,4,297324.7,0.1593,12,24777.06,3.4,15176.83,3,Components,False,77,253080.16,203929.43
CUST021,Italy,Pharma,6,735028.42,0.1894,21,35001.35,14.1,25787.3,1,Chemicals,False,43,453195.41,195199.9
CUST022,Netherlands,FMCG,4,995138.28,0.1586,24,41464.1,24.7,7954.67,0,Machinery,False,81,540278.77,551342.05
CUST023,France,Retail,9,1188980.96,0.2019,12,99081.75,0.9,32393.97,0,Chemicals,False,83,866747.97,334496.5
CUST024,France,FMCG,2,965631.39,0.1609,28,34486.84,11.7,1181.52,1,Chemicals,True,51,668654.99,610899.1
CUST025,France,Logistics,5,960057.43,0.1595,22,43638.97,7.4,5759.9,2,Packaging,False,42,539417.61,429524.15
CUST026,Austria,Retail,3,916134.19,0.1878,25,36645.37,13.6,15526.57,2,Software,False,16,547525.92,536807.09
CUST027,Italy,Pharma,7,995207.48,0.162,16,62200.47,21.1,19750.03,0,Chemicals,False,22,698771.85,487000.41
CUST028,Italy,Retail,11,427492.24,0.112,17,25146.6,11.9,19728.1,2,Software,False,47,245290.52,295492.92
CUST029,Austria,FMCG,5,833357.82,0.2141,17,49021.05,7.4,42618.78,0,Software,True,80,570160.03,456715.37
CUST030,Austria,Retail,8,1161012.88,0.1908,19,61105.94,18.4,63904.4,0,Packaging,True,12,951020.65,636318.89
CUST031,France,Retail,4,921411.59,0.1363,16,57588.22,17.1,14354.22,1,Chemicals,False,32,705083.85,295402.77
CUST032,Italy,Logistics,5,1043627.25,0.1817,14,74544.8,19.5,7771.1,0,Software,False,36,837868.0,638814.66
CUST033,Germany,Retail,9,695348.45,0.2451,29,23977.53,10.1,26631.45,0,Machinery,False,85,560873.75,340356.31
CUST034,Austria,Automotive,5,713316.18,0.1383,18,39628.68,17.7,34532.56,0,Software,False,78,635858.72,188229.17
CUST035,France,Logistics,8,1016713.49,0.1885,14,72622.39,14.2,60832.71,3,Machinery,False,67,672066.96,522767.78
CUST036,France,Automotive,4,700544.56,0.0536,17,41208.5,16.7,38364.02,1,Chemicals,False,94,490713.28,340647.56
CUST037,Austria,Retail,10,831890.54,0.2015,14,59420.75,8.0,25382.52,1,Chemicals,False,86,452773.08,335946.97
CUST038,France,Logistics,13,510527.29,0.1684,25,20421.09,15.8,7184.54,2,Software,False,64,378262.55,178119.1
CUST039,Austria,Pharma,6,459737.84,0.1732,11,41794.35,13.0,9118.58,1,Components,False,71,355928.62,292357.53
CUST040,France,Logistics,4,743343.04,0.1374,15,49556.2,4.3,41314.13,0,Components,False,59,358151.71,264126.07
CUST041,Netherlands,FMCG,8,570309.29,0.0781,20,28515.46,9.1,25854.73,0,Packaging,False,92,273054.5,373140.96
CUST042,Germany,FMCG,3,331280.89,0.239,22,15058.22,12.7,2401.89,1,Components,False,42,228427.49,178213.79
CUST043,Austria,Logistics,1,1335976.15,0.1675,20,66798.81,11.1,39452.31,2,Packaging,False,77,1125122.51,813330.28
CUST044,Germany,FMCG,6,888354.32,0.2726,27,32902.01,12.8,12475.48,3,Chemicals,False,61,717912.92,653254.09
CUST045,Austria,Retail,6,702923.45,0.2133,18,39051.3,5.5,26949.91,1,Chemicals,False,91,338744.91,501677.27
CUST046,Italy,Automotive,11,1422083.28,0.1161,13,109391.02,21.0,83776.22,1,Chemicals,False,37,793672.81,620878.95
CUST047,Austria,Automotive,5,831716.07,0.1998,24,34654.84,12.0,3718.88,0,Packaging,False,30,490992.41,556648.06
CUST048,Italy,FMCG,11,760966.67,0.2044,13,58535.9,3.5,46146.32,0,Packaging,False,80,408496.48,200466.47
CUST049,France,Logistics,11,1020239.35,0.1909,12,85019.95,10.0,54229.82,1,Chemicals,False,91,632451.32,572651.58
CUST050,Germany,Pharma,5,868912.34,0.154,15,57927.49,20.8,26888.14,1,Machinery,False,69,632180.45,521988.19
CUST051,Italy,Retail,3,797036.43,0.1382,23,34653.76,0.0,10079.32,2,Software,True,91,712967.92,296121.19
CUST052,France,Pharma,5,886506.34,0.1216,21,42214.59,11.6,14937.76,0,Machinery,False,12,479280.46,501348.92
CUST053,France,Pharma,4,1296460.88,0.04,23,56367.86,1.1,78389.73,2,Machinery,False,95,1042526.27,472833.13
CUST054,Italy,Pharma,7,646261.93,0.1774,26,24856.23,23.4,4829.86,0,Packaging,False,90,477778.1,330552.82
CUST055,Germany,Automotive,10,639113.02,0.1422,21,30433.95,14.5,25991.68,3,Packaging,False,38,540016.17,336350.46
CUST056,Netherlands,FMCG,6,673986.98,0.0654,19,35473.0,19.5,19045.29,0,Components,True,20,536402.81,353748.6
CUST057,Netherlands,Automotive,9,1181715.17,0.2277,22,53714.33,9.8,12726.33,0,Packaging,False,25,641388.15,641915.13
CUST058,Austria,Logistics,9,589543.44,0.1866,21,28073.5,5.3,32063.07,1,Chemicals,False,60,343365.35,197913.01
CUST059,Netherlands,Logistics,7,1198065.65,0.1161,17,70474.45,12.6,43970.23,0,Packaging,False,69,816108.03,646674.27
CUST060,Austria,Logistics,4,768380.18,0.1455,14,54884.3,8.3,34227.32,2,Components,False,80,491223.18,434875.87
CUST061,Austria,FMCG,4,832106.7,0.3005,16,52006.67,2.9,2106.66,1,Chemicals,False,42,586638.93,243084.1
CUST062,Netherlands,Logistics,7,773398.66,0.1622,28,27621.38,16.4,21512.69,0,Packaging,False,42,520410.74,270745.92
CUST063,Netherlands,Automotive,4,1289992.64,0.1076,17,75881.92,9.0,74782.64,0,Machinery,False,77,827625.53,386182.11
CUST064,Italy,FMCG,6,886927.07,0.2043,23,38562.05,3.7,49768.7,1,Machinery,False,27,473097.29,663662.23
CUST065,Germany,Pharma,11,537945.96,0.163,15,35863.06,19.6,21889.86,1,Chemicals,False,62,454933.16,215214.24
CUST066,Austria,Pharma,7,773133.08,0.1284,19,40691.21,12.2,18987.92,3,Software,False,57,655699.83,432512.84
CUST067,Italy,Pharma,8,736442.26,0.1378,15,49096.15,14.9,22167.41,1,Chemicals,False,43,356324.16,209957.37
CUST068,Italy,FMCG,11,517841.33,0.0627,11,47076.48,11.4,21967.37,0,Software,False,67,392096.19,301035.33
CUST069,France,FMCG,2,895478.78,0.172,14,63962.77,7.0,49254.71,1,Software,False,41,529492.93,273818.92
CUST070,Germany,Logistics,5,812772.64,0.1602,18,45154.04,12.2,45152.24,1,Components,False,26,446862.67,528001.96
CUST071,France,Pharma,5,522019.43,0.139,22,23728.16,12.1,795.1,1,Components,True,19,283677.49,387947.19
CUST072,Italy,FMCG,8,1157780.11,0.2001,18,64321.12,6.4,64717.41,0,Chemicals,False,39,923302.14,368693.9
CUST073,France,FMCG,3,767121.02,0.1015,17,45124.77,18.2,22260.23,1,Packaging,False,81,454267.53,493636.93
CUST074,Netherlands,Pharma,4,777387.58,0.1451,10,77738.76,24.5,45553.44,1,Components,False,57,551736.41,548411.81
CUST075,Germany,Automotive,4,165206.32,0.1074,17,9718.02,3.6,42.97,2,Chemicals,False,31,124135.56,47078.22
CUST076,France,Logistics,9,764555.09,0.1122,11,69505.01,9.7,46913.09,3,Machinery,False,48,420713.36,519886.48
CUST077,Germany,Automotive,6,876160.26,0.153,19,46113.7,21.4,33666.16,3,Chemicals,False,56,467985.46,367517.48
CUST078,France,FMCG,5,1245347.59,0.2038,14,88953.4,8.3,54219.22,0,Components,False,90,996969.65,541562.58
CUST079,Italy,Retail,7,938214.57,0.1623,23,40791.94,18.1,31357.03,0,Packaging,False,72,577197.61,546972.31
CUST080,Germany,FMCG,2,761422.13,0.148,22,34610.1,21.9,37341.19,1,Chemicals,False,31,495031.34,433082.91
CUST081,Netherlands,Retail,7,625608.48,0.1417,15,41707.23,0.0,13955.08,1,Components,False,78,441499.11,158246.65
CUST082,Italy,Logistics,6,508836.51,0.2018,14,36345.47,20.1,28523.71,2,Packaging,False,72,301438.31,201027.43
CUST083,Germany,Pharma,6,801902.4,0.1265,8,100237.8,19.6,28012.79,0,Components,False,92,383189.05,555269.54
CUST084,France,Logistics,3,943516.63,0.1576,16,58969.79,12.7,26758.2,2,Chemicals,False,21,504170.95,326617.97
CUST085,Netherlands,Pharma,8,1066527.57,0.2218,25,42661.1,19.8,18316.43,0,Components,False,23,757501.53,572251.33
CUST086,France,Automotive,4,833479.15,0.2359,20,41673.96,2.3,32152.29,2,Packaging,False,15,571164.29,524567.74
CUST087,Netherlands,Automotive,9,1104912.97,0.1472,12,92076.08,15.6,26778.19,0,Packaging,False,84,647881.03,422544.15
CUST088,France,Pharma,7,1160843.88,0.1072,24,48368.49,11.4,12084.03,1,Machinery,False,61,761325.87,553918.7
CUST089,Germany,Automotive,8,778331.4,0.1923,15,51888.76,17.4,3631.27,0,Software,False,31,582509.1,387120.96
CUST090,Austria,FMCG,5,1024792.62,0.1652,14,73199.47,0.0,44683.53,0,Software,False,86,565470.61,464295.48
CUST091,Germany,Retail,3,516376.32,0.1012,23,22451.14,18.2,32909.39,1,Packaging,False,57,235993.31,174438.42
CUST092,Italy,FMCG,4,660596.8,0.1165,18,36699.82,16.2,34599.95,1,Chemicals,False,50,549143.38,396268.98
CUST093,Netherlands,Pharma,5,853521.56,0.2114,18,47417.86,0.0,16444.71,2,Components,False,80,526736.86,343641.68
CUST094,France,Retail,4,988331.5,0.1431,17,58137.15,21.9,43632.58,2,Components,False,74,448860.61,594068.17
CUST095,Austria,Automotive,7,918028.72,0.0866,17,54001.69,11.7,9640.06,1,Software,False,24,584738.45,559670.05
CUST096,Austria,Logistics,7,1528805.84,0.1248,14,109200.42,13.4,5836.03,0,Machinery,False,46,775043.37,382970.01
CUST097,Austria,Automotive,7,687438.13,0.211,16,42964.88,1.9,15923.23,1,Software,False,31,412244.63,310475.67
CUST098,Austria,FMCG,10,411765.32,0.1319,32,12867.67,25.0,3771.84,1,Machinery,False,37,195273.23,289293.04
CUST099,Austria,FMCG,3,607753.98,0.224,12,50646.17,13.5,26968.44,0,Chemicals,False,74,494236.98,257413.37
CUST100,Germany,Retail,10,590125.38,0.1645,18,32784.74,9.5,22860.0,0,Machinery,False,16,476271.1,370333.58
CUST101,Austria,Retail,6,827406.6,0.1796,19,43547.72,18.7,33215.26,0,Software,False,38,605511.34,234730.96
CUST102,Austria,FMCG,7,1464327.48,0.1991,14,104594.82,11.3,29949.02,2,Machinery,False,87,1013862.45,827454.39
CUST103,France,Automotive,5,825334.86,0.1138,17,48549.11,13.5,41096.52,0,Components,False,80,567872.89,291994.74
CUST104,France,Pharma,4,1096068.59,0.1953,23,47655.16,0.3,32528.33,1,Machinery,False,76,688085.19,661301.66
CUST105,Italy,Logistics,4,482653.85,0.1647,21,22983.52,13.0,1549.85,0,Machinery,False,40,232178.72,279650.84
CUST106,Netherlands,FMCG,6,623098.05,0.1836,16,38943.63,17.9,16898.23,2,Chemicals,False,61,400100.02,359407.23
CUST107,Austria,Pharma,4,668786.69,0.1201,22,30399.39,6.9,21354.66,2,Machinery,False,37,430340.04,289141.9
CUST108,Netherlands,Logistics,12,949170.15,0.2115,20,47458.51,26.8,46295.02,0,Software,False,19,801464.21,489630.08
CUST109,Netherlands,Pharma,4,667281.95,0.176,21,31775.33,7.8,8289.11,1,Chemicals,False,24,523483.2,399001.64
CUST110,Germany,FMCG,4,779892.91,0.0944,15,51992.86,16.9,37293.14,1,Machinery,False,75,538105.31,330569.61
CUST111,Austria,Automotive,2,670844.2,0.102,19,35307.59,16.4,35678.97,1,Components,True,45,518667.61,303159.81
CUST112,Austria,Pharma,4,782537.97,0.1537,21,37263.71,7.0,19176.46,0,Chemicals,False,86,436370.03,327616.54
CUST113,Germany,FMCG,8,571734.33,0.1279,22,25987.92,4.6,11040.88,0,Chemicals,False,68,504111.3,373822.52
CUST114,Austria,Logistics,4,566903.1,0.1312,25,22676.12,6.7,35413.01,1,Software,False,82,273712.12,356523.59
CUST115,Italy,Logistics,2,919885.01,0.1374,17,54110.88,10.8,36089.05,1,Machinery,False,43,772214.93,384179.44
CUST116,France,FMCG,10,965285.94,0.1183,12,80440.49,15.8,58165.36,1,Packaging,False,88,831384.94,371908.54
CUST117,Germany,Retail,10,913210.7,0.1203,14,65229.34,19.8,24759.11,1,Chemicals,False,21,631557.61,281097.28
CUST118,Netherlands,Retail,4,636098.2,0.1245,16,39756.14,19.5,26622.7,0,Machinery,False,36,413780.6,228042.8
CUST119,Italy,Pharma,7,684573.41,0.0771,19,36030.18,0.0,22671.86,1,Machinery,False,73,555746.72,256565.53
CUST120,Austria,Logistics,8,749556.0,0.1298,9,83284.0,21.0,27166.78,1,Chemicals,False,66,337892.57,403552.33
